{
  "drive": {
    "p": 0.13423,
    "i": 0,
    "d": 0.005,
    "f": 0,
    "iz": 0
  },
  "angle": {
    "p": 0.0030,
    "i": 0.0000003,
    "d": 0.008,
    "f": 0,
    "iz": 0
  }
}