{
  "drive": {
    "p": 0.13423,
    "i": 0,
    "d": 0.005,
    "f": 0,
    "iz": 0
  },
  "angle": {
    "p": 0.00091,
    "i": 0.0000001,
    "d": 0.0002,
    "f": 0.0,
    "iz": 0
  }
}